E_GPa,PR,SH_MPa/km,Sh_MPa/km,Sv_MPa/km,SH_azi_deg,PORO_file,PERMX_file,beta,cos_2beta,sin_2beta,sigma_x,sigma_y,tau_xy
18885211.12,0.3,23.13,13.53,21.49,290.62,data_properties/JD_BASECASE_21_PORO.dat,data_properties/JD_BASECASE_21_PERMX.dat,200.62,0.7519548735810454,0.6592145842574435,21.939383393189015,14.720616606810982,3.1642300044357285
15265605.61,0.27,26.72,14.51,23.95,299.76,data_properties/JD_BASECASE_22_PORO.dat,data_properties/JD_BASECASE_22_PERMX.dat,209.76,0.5072375667301892,0.861806272254755,23.711685344887805,17.518314655112192,5.261327292115279
20341604.68,0.36,25.21,15.25,23.2,304.32,data_properties/JD_BASECASE_26_PORO.dat,data_properties/JD_BASECASE_26_PERMX.dat,214.32,0.3642266958918984,0.9313103209992202,22.043848945541654,18.416151054458346,4.637925398576117
22038429.14,0.37,24.22,14.76,22.49,296.51,data_properties/JD_BASECASE_27_PORO.dat,data_properties/JD_BASECASE_27_PERMX.dat,206.51,0.6015362101095688,0.7988455344602089,22.33526627381826,16.644733726181737,3.7785393779967875
23601835.1,0.22,23.59,15.65,24.67,307.34,data_properties/JD_BASECASE_28_PORO.dat,data_properties/JD_BASECASE_28_PERMX.dat,217.33999999999997,0.2642097279380039,0.964465250624887,20.668912619913876,18.571087380086126,3.828927044980801
16882215.04,0.24,25.91,13.68,20.91,302.72,data_properties/JD_BASECASE_38_PORO.dat,data_properties/JD_BASECASE_38_PERMX.dat,212.72000000000003,0.41564592431562725,0.9095265062656546,22.336674827190063,17.25332517280994,5.5617545858144775
