E_GPa,PR,SH_MPa/km,Sh_MPa/km,Sv_MPa/km,SH_azi_deg,PORO_file,PERMX_file,beta,cos_2beta,sin_2beta,sigma_x,sigma_y,tau_xy
22719207.98,0.37,26.33,13.84,21.71,297.0,data_properties/JD_BASECASE_21_PORO.dat,data_properties/JD_BASECASE_21_PERMX.dat,207.0,0.5877852522924734,0.8090169943749472,23.755718900566496,16.414281099433506,5.052311129871545
20908977.31,0.26,24.59,13.18,24.8,293.44,data_properties/JD_BASECASE_22_PORO.dat,data_properties/JD_BASECASE_22_PERMX.dat,203.44,0.683528606764223,0.7299237246007011,22.78453070158989,14.985469298410106,4.164214848847
18158073.63,0.34,27.19,14.97,23.67,300.4,data_properties/JD_BASECASE_26_PORO.dat,data_properties/JD_BASECASE_26_PERMX.dat,210.39999999999998,0.48785965913873314,0.8729220772698094,24.060822517337662,18.09917748266234,5.333553892118536
16111690.09,0.21,24.26,15.59,22.68,304.99,data_properties/JD_BASECASE_27_PORO.dat,data_properties/JD_BASECASE_27_PERMX.dat,214.99,0.342348137085737,0.9395731759868017,21.409079174266672,18.44092082573333,4.073049717902786
23420097.04,0.3,22.83,14.82,21.04,307.08,data_properties/JD_BASECASE_28_PORO.dat,data_properties/JD_BASECASE_28_PERMX.dat,217.07999999999998,0.27295193551732605,0.9620276715860856,19.91817250174689,17.731827498253107,3.852920824702272
