E_GPa,PR,SH_MPa/km,Sh_MPa/km,Sv_MPa/km,SH_azi_deg,PORO_file,PERMX_file,beta,cos_2beta,sin_2beta,sigma_x,sigma_y,tau_xy
16500778.95,0.24,-14.74,-4.74,-11.92,309.31,data_properties/JD_BASECASE_100_PORO.dat,data_properties/JD_BASECASE_100_PERMX.dat,219.31,0.19731514915291093,0.980340110326393,-10.726575745764555,-8.753424254235446,-4.901700551631965
22711737.08,0.39,-15.63,-4.55,-13.86,295.74,data_properties/JD_BASECASE_105_PORO.dat,data_properties/JD_BASECASE_105_PERMX.dat,205.74,0.6227877804881127,0.782390810576588,-13.540244303904144,-6.639755696095856,-4.334445090594298
