E_GPa,PR,SH_MPa/km,Sh_MPa/km,Sv_MPa/km,SH_azi_deg,PORO_file,PERMX_file,beta,cos_2beta,sin_2beta,sigma_x,sigma_y,tau_xy
19411406.84,0.27,-15.21,-4.6,-12.38,303.77,data_properties/JD_BASECASE_21_PORO.dat,data_properties/JD_BASECASE_21_PERMX.dat,213.76999999999998,0.3820383495704915,0.9241464707812582,-11.931713444471459,-7.878286555528543,-4.902597027494576
17244093.19,0.34,-14.33,-4.33,-11.73,307.1,data_properties/JD_BASECASE_22_PORO.dat,data_properties/JD_BASECASE_22_PERMX.dat,217.10000000000002,0.2722802470405735,0.9622179935292856,-10.691401235202868,-7.968598764797132,-4.811089967646428
16737803.06,0.2,-13.81,-4.85,-12.75,299.94,data_properties/JD_BASECASE_26_PORO.dat,data_properties/JD_BASECASE_26_PERMX.dat,209.94,0.5018127014158889,0.8649763075932705,-11.578120902343182,-7.0818790976568184,-3.875093858017852
22334007.91,0.31,-15.57,-5.02,-13.26,295.28,data_properties/JD_BASECASE_27_PORO.dat,data_properties/JD_BASECASE_27_PERMX.dat,205.27999999999997,0.6352698282824051,0.7722902597301378,-13.646048344189687,-6.943951655810313,-4.073831120076477
23354984.41,0.4,-16.43,-4.27,-13.91,292.78,data_properties/JD_BASECASE_28_PORO.dat,data_properties/JD_BASECASE_28_PERMX.dat,202.77999999999997,0.7001619659961474,0.7139840484019301,-14.606984753256576,-6.093015246743423,-4.341023014283735
