E_GPa,PR,SH_MPa/km,Sh_MPa/km,Sv_MPa/km,SH_azi_deg,PORO_file,PERMX_file,beta,cos_2beta,sin_2beta,sigma_x,sigma_y,tau_xy
24504078.21,0.32,25.12,14.66,24.61,291.8,data_properties/JD_BASECASE_27_PORO.dat,data_properties/JD_BASECASE_27_PERMX.dat,201.8,0.7241718614374673,0.68961954373567,23.677418835317955,16.102581164682046,3.6067102137375544
21172697.17,0.21,24.27,13.25,21.11,297.86,data_properties/JD_BASECASE_28_PORO.dat,data_properties/JD_BASECASE_28_PERMX.dat,207.86,0.563237651907776,0.8262949518624781,21.863439462011844,15.656560537988153,4.552885184762254
20006430.51,0.25,25.73,15.3,23.65,302.47,data_properties/JD_BASECASE_38_PORO.dat,data_properties/JD_BASECASE_38_PERMX.dat,212.47000000000003,0.42356711313607837,0.9058647253699466,22.723902495004648,18.306097504995353,4.724084542804271
15640110.22,0.32,23.45,15.49,23.08,300.5,data_properties/JD_BASECASE_21_PORO.dat,data_properties/JD_BASECASE_21_PERMX.dat,210.5,0.48480962024633695,0.8746197071393959,21.39954228858042,17.540457711419577,3.480986434414795
18552599.97,0.39,26.51,13.84,21.77,308.24,data_properties/JD_BASECASE_22_PORO.dat,data_properties/JD_BASECASE_22_PERMX.dat,218.24,0.2337847707598735,0.9722883733547129,21.6560265227638,18.693973477236202,6.1594468452021065
