E_GPa,PR,SH_MPa/km,Sh_MPa/km,Sv_MPa/km,SH_azi_deg,PORO_file,PERMX_file,beta,cos_2beta,sin_2beta,sigma_x,sigma_y,tau_xy
19696975.3,0.32,25.47,15.89,23.58,290.67,../data/properties/JD_BASECASE_26_PORO.dat,../data/properties/JD_BASECASE_26_PERMX.dat,200.67000000000002,0.7508031823754509,0.6605259883872061,24.276347243578407,17.083652756421593,3.1639194843747167
21482532.67,0.34,27.1,13.7,24.89,295.68,../data/properties/JD_BASECASE_21_PORO.dat,../data/properties/JD_BASECASE_21_PERMX.dat,205.68,0.6244250488460159,0.7810847318784632,24.583647827268305,16.216352172731693,5.233267703585704
15686406.35,0.24,22.93,14.93,22.75,300.7,../data/properties/JD_BASECASE_28_PORO.dat,../data/properties/JD_BASECASE_28_PERMX.dat,210.7,0.4786918579406071,0.8779829754279804,20.844767431762428,17.015232568237572,3.5119319017119217
24698140.61,0.37,26.32,14.12,21.14,306.32,../data/properties/JD_BASECASE_22_PORO.dat,../data/properties/JD_BASECASE_22_PERMX.dat,216.32,0.29837453401226033,0.954448865813652,22.040084657474786,18.39991534252521,5.822138081463278
17375768.62,0.21,23.72,14.64,21.94,303.64,../data/properties/JD_BASECASE_27_PORO.dat,../data/properties/JD_BASECASE_27_PERMX.dat,213.64,0.38622804534976046,0.9224033266339099,20.933475325887912,17.426524674112088,4.18771110291795
