E_GPa,PR,SH_MPa/km,Sh_MPa/km,Sv_MPa/km,SH_azi_deg,poro_file,permx_file,beta,cos_2beta,sin_2beta,sigma_x,sigma_y,tau_xy
16.32,0.37,24.44,13.94,23.17,299.86,../data/properties/JD_BASECASE_4_PORO.dat,../data/properties/JD_BASECASE_4_PERMX.dat,209.86,0.5042262111814557,0.8635716113661878,21.837187608702646,16.542812391297357,4.533750959672487
20.86,0.31,26.0,13.29,24.87,292.65,../data/properties/JD_BASECASE_6_PORO.dat,../data/properties/JD_BASECASE_6_PERMX.dat,202.64999999999998,0.7033947028105043,0.710799473872992,24.115073336360755,15.174926663639244,4.517130656462864
21.34,0.2,23.15,14.93,21.5,308.5,../data/properties/JD_BASECASE_3_PORO.dat,../data/properties/JD_BASECASE_3_PERMX.dat,218.5,0.2249510543438654,0.9743700647852351,19.964548833353287,18.11545116664671,4.004660966267316
23.73,0.36,26.5,15.63,21.15,296.67,../data/properties/JD_BASECASE_1_PORO.dat,../data/properties/JD_BASECASE_1_PERMX.dat,206.67000000000002,0.5970652563891972,0.8021926698823059,24.310049668475287,17.819950331524716,4.359917160810332
17.97,0.27,24.59,14.67,22.37,304.07,../data/properties/JD_BASECASE_2_PORO.dat,../data/properties/JD_BASECASE_2_PERMX.dat,214.07,0.3723399398315739,0.9280964223647347,21.476806101564605,17.783193898435393,4.603358254929084
